event_id,shipment_id,event_type,event_ts,location_scan,scan_quality
E100240,L7065,DELIVERED,2025-12-01 02:13:00,Lucknow,OK
E100427,L7773,IN_TRANSIT,2025-12-01 05:51:00,UNKNOWN,OK
E100329,L9069,IN_TRANSIT,2025-12-01 07:06:00,UNKNOWN,OK
E100101,L9901,OUT_FOR_DELIVERY,2025-12-01 07:46:00,Chennai,OK
E100489,L8823,PICKED_UP,2025-12-01 12:46:00,Hyderabad,OK
E100298,L7151,IN_TRANSIT,2025-12-01 13:22:00,Ahmedabad,OK
E100299,L7230,DELIVERED,2025-12-01 13:33:00,Jaipur,OK
E100100,L9721,DELIVERY_FAILED,2025-12-01 14:03:00,UNKNOWN,OK
E100128,L8183,PICKED_UP,2025-12-01 18:17:00,UNKNOWN,OK
E100114,L9461,DELIVERED,2025-12-01 18:38:00,Kolkata,OK
E100281,L8755,IN_TRANSIT,2025-12-01 18:59:00,UNKNOWN,OK
E100398,L9172,IN_TRANSIT,2025-12-01 19:20:00,Kolkata,OK
E100317,L7246,DELIVERED,2025-12-01 19:42:00,UNKNOWN,OK
E100075,L9182,DELIVERED,2025-12-01 21:37:00,Pune,OK
E100010,L8169,IN_TRANSIT,2025-12-01 22:53:00,Mumbai,OK
E100021,L8187,OUT_FOR_DELIVERY,2025-12-02 00:05:00,UNKNOWN,OK
E100161,L8165,IN_TRANSIT,2025-12-02 00:25:00,Delhi,OK
E100173,L9670,IN_TRANSIT,2025-12-02 02:46:00,Pune,MISSING
E100040,L8588,PICKED_UP,2025-12-02 04:09:00,UNKNOWN,OK
E100071,L7238,DELIVERED,2025-12-02 04:20:00,Kolkata,OK
E100263,L9684,OUT_FOR_DELIVERY,2025-12-02 08:12:00,UNKNOWN,OK
E100307,L9676,IN_TRANSIT,2025-12-02 08:24:00,Ahmedabad,OK
E100147,L7773,DELIVERED,2025-12-02 10:44:00,Pune,OK
E100191,L7829,OUT_FOR_DELIVERY,2025-12-02 12:51:00,Lucknow,OK
E100090,L9671,PICKED_UP,2025-12-02 13:51:00,Ahmedabad,OK
E100243,L9332,DELIVERED,2025-12-02 14:46:00,UNKNOWN,OK
E100390,L9238,IN_TRANSIT,2025-12-02 16:18:00,Bengaluru,OK
E100046,L9402,PICKED_UP,2025-12-02 17:32:00,UNKNOWN,MISSING
E100184,L8637,IN_TRANSIT,2025-12-02 19:01:00,Mumbai,OK
E100241,L9112,DELIVERED,2025-12-02 19:59:00,UNKNOWN,OK
E100109,L9317,IN_TRANSIT,2025-12-02 21:03:00,Hyderabad,OK
E100498,L7746,DELIVERED,2025-12-02 23:25:00,UNKNOWN,OK
E100105,L9070,IN_TRANSIT,2025-12-03 04:23:00,Hyderabad,OK
E100257,L7587,PICKED_UP,2025-12-03 05:32:00,Kolkata,OK
E100169,L7165,DELIVERY_FAILED,2025-12-03 05:37:00,UNKNOWN,OK
E100406,L9891,OUT_FOR_DELIVERY,2025-12-03 06:27:00,UNKNOWN,OK
E100396,L7410,OUT_FOR_DELIVERY,2025-12-03 07:08:00,UNKNOWN,OK
E100197,L8527,OUT_FOR_DELIVERY,2025-12-03 07:16:00,Hyderabad,OK
E100429,L7995,DELIVERED,2025-12-03 08:01:00,Bengaluru,OK
E100037,L9802,IN_TRANSIT,2025-12-03 08:39:00,Lucknow,OK
E100051,L7768,IN_TRANSIT,2025-12-03 09:24:00,UNKNOWN,OK
E100050,L7517,OUT_FOR_DELIVERY,2025-12-03 10:44:00,UNKNOWN,OK
E100421,L9214,IN_TRANSIT,2025-12-03 11:08:00,UNKNOWN,OK
E100068,L7674,OUT_FOR_DELIVERY,2025-12-03 11:52:00,UNKNOWN,OK
E100230,L7296,DELIVERED,2025-12-03 12:24:00,Hyderabad,MISSING
E100342,L9457,OUT_FOR_DELIVERY,2025-12-03 15:18:00,Ahmedabad,OK
E100482,L8880,PICKED_UP,2025-12-03 18:15:00,UNKNOWN,OK
E100324,L9807,IN_TRANSIT,2025-12-03 19:07:00,Mumbai,OK
E100404,L8615,OUT_FOR_DELIVERY,2025-12-03 19:24:00,UNKNOWN,OK
E100095,L7054,IN_TRANSIT,2025-12-03 19:40:00,Mumbai,OK
E100031,L7418,PICKED_UP,2025-12-03 19:56:00,Jaipur,OK
E100156,L7456,IN_TRANSIT,2025-12-03 20:26:00,Delhi,OK
E100443,L8031,OUT_FOR_DELIVERY,2025-12-03 21:35:00,Pune,OK
E100157,L8516,PICKED_UP,2025-12-03 21:38:00,Chennai,OK
E100115,L8592,DELIVERED,2025-12-03 22:45:00,UNKNOWN,OK
E100387,L9420,IN_TRANSIT,2025-12-03 22:55:00,Kolkata,OK
E100387,L9420,IN_TRANSIT,2025-12-03 22:55:00,Kolkata,OK
E100455,L9343,OUT_FOR_DELIVERY,2025-12-04 01:38:00,Jaipur,BLURRY
E100198,L9329,PICKED_UP,2025-12-04 06:11:00,Ahmedabad,BLURRY
E100465,L7056,PICKED_UP,2025-12-04 06:15:00,Bengaluru,OK
E100382,L8332,DELIVERY_FAILED,2025-12-04 06:31:00,Hyderabad,OK
E100286,L8439,IN_TRANSIT,2025-12-04 08:12:00,UNKNOWN,OK
E100139,L7153,OUT_FOR_DELIVERY,2025-12-04 09:32:00,UNKNOWN,OK
E100154,L9518,IN_TRANSIT,2025-12-04 13:16:00,Bengaluru,OK
E100370,L9116,OUT_FOR_DELIVERY,2025-12-04 13:19:00,Ahmedabad,OK
E100119,L9266,DELIVERED,2025-12-04 13:48:00,Jaipur,OK
E100028,L7839,DELIVERY_FAILED,2025-12-04 14:08:00,Jaipur,OK
E100224,L8234,PICKED_UP,2025-12-04 15:01:00,Ahmedabad,BLURRY
E100146,L9070,DELIVERED,2025-12-04 17:57:00,Ahmedabad,OK
E100079,L7543,DELIVERY_FAILED,2025-12-04 18:26:00,Ahmedabad,BLURRY
E100073,L9868,OUT_FOR_DELIVERY,2025-12-04 18:45:00,UNKNOWN,OK
E100306,L8401,DELIVERED,2025-12-04 23:30:00,UNKNOWN,BLURRY
E100190,L7489,OUT_FOR_DELIVERY,2025-12-05 01:09:00,UNKNOWN,OK
E100367,L9008,DELIVERED,2025-12-05 04:22:00,Hyderabad,OK
E100389,L8167,PICKED_UP,2025-12-05 04:43:00,Hyderabad,OK
E100284,L9690,PICKED_UP,2025-12-05 08:18:00,Chennai,OK
E100291,L7875,IN_TRANSIT,2025-12-05 08:34:00,UNKNOWN,OK
E100282,L8592,DELIVERY_FAILED,2025-12-05 09:11:00,UNKNOWN,OK
E100058,L9153,IN_TRANSIT,2025-12-05 09:21:00,Delhi,OK
E100251,L9718,PICKED_UP,2025-12-05 12:17:00,Chennai,OK
E100130,L8200,IN_TRANSIT,2025-12-05 13:07:00,UNKNOWN,OK
E100316,L7845,DELIVERED,2025-12-05 13:30:00,UNKNOWN,OK
E100391,L9080,IN_TRANSIT,2025-12-05 14:16:00,Kolkata,OK
E100179,L7419,OUT_FOR_DELIVERY,2025-12-05 15:08:00,Chennai,OK
E100358,L9349,PICKED_UP,2025-12-05 17:18:00,UNKNOWN,OK
E100220,L8096,DELIVERED,2025-12-05 17:23:00,UNKNOWN,OK
E100322,L8794,IN_TRANSIT,2025-12-05 18:23:00,Ahmedabad,OK
E100143,L9524,DELIVERY_FAILED,2025-12-05 18:55:00,Ahmedabad,OK
E100365,L7355,OUT_FOR_DELIVERY,2025-12-05 19:18:00,Jaipur,BLURRY
E100264,L9403,DELIVERED,2025-12-05 23:03:00,Bengaluru,OK
E100045,L8405,PICKED_UP,2025-12-05 23:18:00,Hyderabad,OK
E100015,L7380,IN_TRANSIT,2025-12-06 00:26:00,Bengaluru,OK
E100309,L8293,OUT_FOR_DELIVERY,2025-12-06 01:34:00,Delhi,OK
E100490,L8177,PICKED_UP,2025-12-06 01:37:00,UNKNOWN,MISSING
E100439,L9816,DELIVERED,2025-12-06 02:08:00,Lucknow,OK
E100343,L8332,OUT_FOR_DELIVERY,2025-12-06 03:24:00,Mumbai,OK
E100248,L8425,OUT_FOR_DELIVERY,2025-12-06 07:32:00,Jaipur,OK
E100238,L9291,IN_TRANSIT,2025-12-06 07:40:00,Hyderabad,OK
E100445,L7104,DELIVERED,2025-12-06 10:27:00,Mumbai,OK
E100029,L9570,IN_TRANSIT,2025-12-06 11:26:00,Delhi,OK
E100111,L8006,DELIVERY_FAILED,2025-12-06 12:06:00,UNKNOWN,OK
E100344,L8558,IN_TRANSIT,2025-12-06 16:19:00,Hyderabad,OK
E100153,L8028,IN_TRANSIT,2025-12-06 17:57:00,Bengaluru,OK
E100235,L8258,DELIVERY_FAILED,2025-12-06 18:50:00,Mumbai,OK
E100468,L9510,DELIVERY_FAILED,2025-12-06 20:27:00,Kolkata,OK
E100303,L8390,DELIVERED,2025-12-06 20:57:00,Mumbai,MISSING
E100132,L8686,IN_TRANSIT,2025-12-06 23:00:00,Mumbai,OK
E100467,L9964,OUT_FOR_DELIVERY,2025-12-06 23:02:00,Ahmedabad,OK
E100477,L7546,IN_TRANSIT,2025-12-06 23:45:00,UNKNOWN,OK
E100478,L7640,OUT_FOR_DELIVERY,2025-12-07 00:01:00,Kolkata,OK
E100275,L8085,OUT_FOR_DELIVERY,2025-12-07 01:17:00,Lucknow,OK
E100372,L9031,IN_TRANSIT,2025-12-07 02:26:00,Bengaluru,BLURRY
E100228,L7859,DELIVERED,2025-12-07 02:55:00,Delhi,OK
E100219,L7449,IN_TRANSIT,2025-12-07 05:19:00,Delhi,OK
E100462,L7344,DELIVERED,2025-12-07 07:52:00,Jaipur,OK
E100347,L9105,IN_TRANSIT,2025-12-07 09:54:00,Chennai,OK
E100212,L9677,PICKED_UP,2025-12-07 11:57:00,UNKNOWN,OK
E100331,L9403,PICKED_UP,2025-12-07 14:44:00,Jaipur,OK
E100267,L8460,IN_TRANSIT,2025-12-07 16:55:00,Jaipur,OK
E100283,L8400,IN_TRANSIT,2025-12-07 19:07:00,Delhi,OK
E100466,L7571,DELIVERED,2025-12-07 20:22:00,Bengaluru,OK
E100494,L9959,IN_TRANSIT,2025-12-07 21:25:00,Lucknow,OK
E100302,L9918,IN_TRANSIT,2025-12-07 23:23:00,Chennai,BLURRY
E100054,L9048,OUT_FOR_DELIVERY,2025-12-08 02:10:00,UNKNOWN,OK
E100315,L8886,IN_TRANSIT,2025-12-08 02:16:00,Kolkata,OK
E100315,L8886,IN_TRANSIT,2025-12-08 02:16:00,Kolkata,OK
E100304,L9479,OUT_FOR_DELIVERY,2025-12-08 14:54:00,Chennai,OK
E100216,L9378,IN_TRANSIT,2025-12-08 15:05:00,Hyderabad,OK
E100354,L9447,IN_TRANSIT,2025-12-08 18:09:00,Bengaluru,OK
E100007,L7124,IN_TRANSIT,2025-12-08 21:05:00,Ahmedabad,BLURRY
E100448,L7566,IN_TRANSIT,2025-12-08 22:27:00,Kolkata,OK
E100043,L7959,OUT_FOR_DELIVERY,2025-12-08 23:07:00,Kolkata,OK
E100250,L8923,DELIVERED,2025-12-09 04:57:00,Ahmedabad,BLURRY
E100312,L9912,PICKED_UP,2025-12-09 06:35:00,UNKNOWN,OK
E100129,L8667,OUT_FOR_DELIVERY,2025-12-09 08:25:00,UNKNOWN,OK
E100474,L8981,PICKED_UP,2025-12-09 08:37:00,Delhi,OK
E100327,L8708,IN_TRANSIT,2025-12-09 11:47:00,Ahmedabad,OK
E100221,L7899,IN_TRANSIT,2025-12-09 12:18:00,Lucknow,OK
E100155,L8274,IN_TRANSIT,2025-12-09 13:08:00,UNKNOWN,BLURRY
E100052,L9402,DELIVERED,2025-12-09 13:48:00,Lucknow,OK
E100110,L9213,PICKED_UP,2025-12-09 13:54:00,UNKNOWN,OK
E100120,L9352,IN_TRANSIT,2025-12-09 13:57:00,Jaipur,OK
E100458,L8249,IN_TRANSIT,2025-12-09 15:40:00,Ahmedabad,OK
E100405,L8385,OUT_FOR_DELIVERY,2025-12-09 19:39:00,UNKNOWN,OK
E100064,L7476,IN_TRANSIT,2025-12-09 20:02:00,UNKNOWN,OK
E100294,L7013,RETURN_INITIATED,2025-12-09 20:38:00,Chennai,OK
E100274,L8636,IN_TRANSIT,2025-12-10 04:07:00,UNKNOWN,OK
E100290,L7899,OUT_FOR_DELIVERY,2025-12-10 04:40:00,Pune,OK
E100375,L9353,DELIVERY_FAILED,2025-12-10 08:35:00,UNKNOWN,OK
E100384,L8947,IN_TRANSIT,2025-12-10 08:43:00,Jaipur,OK
E100326,L8177,DELIVERY_FAILED,2025-12-10 12:11:00,Bengaluru,BLURRY
E100180,L9307,DELIVERED,2025-12-10 12:28:00,UNKNOWN,OK
E100423,L8781,IN_TRANSIT,2025-12-10 13:09:00,Bengaluru,BLURRY
E100164,L8769,OUT_FOR_DELIVERY,2025-12-10 14:27:00,UNKNOWN,OK
E100208,L9649,OUT_FOR_DELIVERY,2025-12-10 16:26:00,UNKNOWN,OK
E100103,L7646,IN_TRANSIT,2025-12-10 18:49:00,Bengaluru,OK
E100353,L9231,DELIVERED,2025-12-10 18:50:00,UNKNOWN,OK
E100359,L7053,DELIVERED,2025-12-10 22:20:00,Mumbai,OK
E100168,L7552,DELIVERED,2025-12-10 22:41:00,Delhi,OK
E100246,L7070,DELIVERED,2025-12-11 00:47:00,Hyderabad,OK
E100214,L8202,PICKED_UP,2025-12-11 02:55:00,Hyderabad,OK
E100204,L7661,PICKED_UP,2025-12-11 06:27:00,Mumbai,OK
E100496,L8419,IN_TRANSIT,2025-12-11 07:08:00,Ahmedabad,OK
E100170,L7632,PICKED_UP,2025-12-11 09:38:00,UNKNOWN,OK
E100380,L8079,DELIVERED,2025-12-11 10:50:00,Mumbai,OK
E100236,L9703,OUT_FOR_DELIVERY,2025-12-11 11:34:00,UNKNOWN,BLURRY
E100039,L9641,IN_TRANSIT,2025-12-11 11:40:00,Lucknow,OK
E100117,L9084,IN_TRANSIT,2025-12-11 17:36:00,Ahmedabad,OK
E100488,L8559,IN_TRANSIT,2025-12-11 18:28:00,Hyderabad,OK
E100461,L9195,IN_TRANSIT,2025-12-11 21:47:00,Chennai,MISSING
E100041,L8821,DELIVERED,2025-12-12 00:01:00,Hyderabad,BLURRY
E100253,L8610,OUT_FOR_DELIVERY,2025-12-12 02:10:00,Hyderabad,OK
E100210,L9863,DELIVERED,2025-12-12 02:17:00,Mumbai,OK
E100112,L9331,IN_TRANSIT,2025-12-12 06:25:00,Lucknow,OK
E100369,L7979,OUT_FOR_DELIVERY,2025-12-12 09:24:00,UNKNOWN,OK
E100217,L9054,OUT_FOR_DELIVERY,2025-12-12 09:59:00,UNKNOWN,OK
E100480,L9266,OUT_FOR_DELIVERY,2025-12-12 10:02:00,UNKNOWN,OK
E100432,L9445,IN_TRANSIT,2025-12-12 14:07:00,Hyderabad,BLURRY
E100175,L9929,OUT_FOR_DELIVERY,2025-12-12 16:35:00,Hyderabad,OK
E100080,L7088,DELIVERED,2025-12-12 17:48:00,Mumbai,OK
E100420,L8632,PICKED_UP,2025-12-12 18:20:00,Hyderabad,OK
E100268,L8293,DELIVERED,2025-12-12 19:24:00,Bengaluru,OK
E100413,L7187,IN_TRANSIT,2025-12-12 20:12:00,UNKNOWN,OK
E100200,L7112,IN_TRANSIT,2025-12-12 20:28:00,Kolkata,OK
E100378,L9140,IN_TRANSIT,2025-12-13 00:21:00,Chennai,OK
E100470,L9870,OUT_FOR_DELIVERY,2025-12-13 02:57:00,UNKNOWN,OK
E100287,L7255,PICKED_UP,2025-12-13 07:07:00,Pune,OK
E100102,L8650,DELIVERY_FAILED,2025-12-13 08:54:00,Pune,OK
E100229,L8560,DELIVERED,2025-12-13 10:04:00,Kolkata,OK
E100395,L7615,PICKED_UP,2025-12-13 11:30:00,Pune,OK
E100412,L8682,DELIVERED,2025-12-13 12:49:00,Pune,OK
E100149,L8928,DELIVERY_FAILED,2025-12-13 14:42:00,UNKNOWN,OK
E100442,L8057,OUT_FOR_DELIVERY,2025-12-13 14:43:00,Delhi,OK
E100001,L7816,PICKED_UP,2025-12-13 17:12:00,Chennai,OK
E100171,L7131,IN_TRANSIT,2025-12-13 21:37:00,Jaipur,OK
E100094,L9772,DELIVERY_FAILED,2025-12-13 22:11:00,Chennai,BLURRY
E100360,L8526,PICKED_UP,2025-12-13 22:17:00,UNKNOWN,OK
E100425,L7288,IN_TRANSIT,2025-12-13 22:50:00,UNKNOWN,OK
E100225,L8855,DELIVERED,2025-12-14 00:20:00,Kolkata,MISSING
E100233,L9544,DELIVERY_FAILED,2025-12-14 03:14:00,Delhi,OK
E100438,L9405,DELIVERED,2025-12-14 04:56:00,Mumbai,OK
E100363,L7844,PICKED_UP,2025-12-14 05:13:00,Ahmedabad,OK
E100034,L9460,DELIVERY_FAILED,2025-12-14 06:34:00,UNKNOWN,OK
E100152,L9288,IN_TRANSIT,2025-12-14 07:11:00,Kolkata,OK
E100469,L8230,OUT_FOR_DELIVERY,2025-12-14 07:35:00,UNKNOWN,OK
E100400,L8326,DELIVERY_FAILED,2025-12-14 07:43:00,Mumbai,MISSING
E100188,L8835,IN_TRANSIT,2025-12-14 12:13:00,UNKNOWN,BLURRY
E100277,L7637,IN_TRANSIT,2025-12-14 12:30:00,UNKNOWN,OK
E100006,L9808,IN_TRANSIT,2025-12-14 15:18:00,UNKNOWN,OK
E100181,L8919,DELIVERED,2025-12-14 15:54:00,UNKNOWN,OK
E100346,L7906,IN_TRANSIT,2025-12-14 16:17:00,Delhi,OK
E100447,L7890,DELIVERED,2025-12-14 17:37:00,UNKNOWN,OK
E100296,L7247,IN_TRANSIT,2025-12-14 21:52:00,Pune,OK
E100026,L9969,OUT_FOR_DELIVERY,2025-12-14 22:18:00,Hyderabad,OK
E100005,L9731,DELIVERED,2025-12-15 00:14:00,Delhi,OK
E100172,L7808,IN_TRANSIT,2025-12-15 06:17:00,Ahmedabad,OK
E100338,L8099,DELIVERED,2025-12-15 09:30:00,UNKNOWN,OK
E100087,L9019,PICKED_UP,2025-12-15 11:00:00,Mumbai,BLURRY
E100239,L8732,DELIVERY_FAILED,2025-12-15 11:27:00,UNKNOWN,OK
E100239,L8732,DELIVERY_FAILED,2025-12-15 11:27:00,UNKNOWN,OK
E100163,L7210,DELIVERY_FAILED,2025-12-15 11:33:00,UNKNOWN,OK
E100289,L7613,PICKED_UP,2025-12-15 12:43:00,UNKNOWN,OK
E100056,L9051,OUT_FOR_DELIVERY,2025-12-15 16:45:00,UNKNOWN,OK
E100138,L7947,IN_TRANSIT,2025-12-15 17:11:00,Delhi,OK
E100475,L7026,DELIVERED,2025-12-15 18:30:00,Ahmedabad,OK
E100366,L9468,RETURN_INITIATED,2025-12-15 20:06:00,Jaipur,OK
E100472,L9602,IN_TRANSIT,2025-12-16 02:23:00,Bengaluru,OK
E100203,L9763,PICKED_UP,2025-12-16 06:39:00,UNKNOWN,OK
E100035,L7837,OUT_FOR_DELIVERY,2025-12-16 07:10:00,Jaipur,OK
E100341,L8767,OUT_FOR_DELIVERY,2025-12-16 09:51:00,Delhi,OK
E100310,L7369,PICKED_UP,2025-12-16 12:16:00,Hyderabad,OK
E100352,L9415,PICKED_UP,2025-12-16 13:37:00,Bengaluru,OK
E100060,L7411,DELIVERED,2025-12-16 17:44:00,Delhi,OK
E100126,L9564,DELIVERED,2025-12-16 18:20:00,Kolkata,BLURRY
E100392,L8775,OUT_FOR_DELIVERY,2025-12-16 20:41:00,Chennai,OK
E100183,L9091,IN_TRANSIT,2025-12-16 21:51:00,UNKNOWN,OK
E100414,L9829,IN_TRANSIT,2025-12-17 02:51:00,Ahmedabad,OK
E100339,L8437,IN_TRANSIT,2025-12-17 03:09:00,UNKNOWN,OK
E100318,L8696,DELIVERED,2025-12-17 03:09:00,UNKNOWN,OK
E100218,L8078,PICKED_UP,2025-12-17 05:02:00,Bengaluru,OK
E100444,L7578,IN_TRANSIT,2025-12-17 06:57:00,UNKNOWN,OK
E100098,L9123,RETURN_INITIATED,2025-12-17 07:20:00,Jaipur,OK
E100065,L9199,PICKED_UP,2025-12-17 07:37:00,Lucknow,OK
E100044,L8504,IN_TRANSIT,2025-12-17 11:44:00,Jaipur,OK
E100099,L7086,IN_TRANSIT,2025-12-17 13:57:00,Jaipur,BLURRY
E100242,L9681,DELIVERY_FAILED,2025-12-17 15:03:00,UNKNOWN,OK
E100083,L7120,IN_TRANSIT,2025-12-17 15:47:00,Jaipur,BLURRY
E100083,L7120,IN_TRANSIT,2025-12-17 15:47:00,Jaipur,BLURRY
E100451,L7652,DELIVERED,2025-12-17 19:33:00,UNKNOWN,OK
E100456,L7051,OUT_FOR_DELIVERY,2025-12-17 19:39:00,UNKNOWN,OK
E100456,L7051,OUT_FOR_DELIVERY,2025-12-17 19:39:00,UNKNOWN,OK
E100066,L7103,DELIVERED,2025-12-17 20:04:00,Delhi,OK
E100437,L7437,IN_TRANSIT,2025-12-17 22:36:00,UNKNOWN,OK
E100254,L8677,DELIVERED,2025-12-17 23:12:00,Pune,OK
E100011,L8509,DELIVERED,2025-12-18 00:41:00,Pune,OK
E100293,L8654,RETURN_INITIATED,2025-12-18 01:47:00,Chennai,OK
E100042,L9177,PICKED_UP,2025-12-18 02:26:00,Pune,OK
E100096,L9361,OUT_FOR_DELIVERY,2025-12-18 07:52:00,Chennai,OK
E100453,L8717,OUT_FOR_DELIVERY,2025-12-18 09:47:00,UNKNOWN,OK
E100261,L8479,OUT_FOR_DELIVERY,2025-12-18 10:22:00,Kolkata,OK
E100067,L7531,IN_TRANSIT,2025-12-18 12:30:00,Lucknow,OK
E100388,L9584,PICKED_UP,2025-12-18 12:31:00,Chennai,OK
E100493,L7894,DELIVERY_FAILED,2025-12-18 14:30:00,Lucknow,OK
E100004,L7418,OUT_FOR_DELIVERY,2025-12-18 14:40:00,Chennai,OK
E100314,L8002,DELIVERED,2025-12-18 15:38:00,UNKNOWN,OK
E100328,L9934,IN_TRANSIT,2025-12-18 21:16:00,Bengaluru,OK
E100355,L8429,IN_TRANSIT,2025-12-18 21:18:00,UNKNOWN,BLURRY
E100108,L8481,IN_TRANSIT,2025-12-18 21:40:00,Kolkata,OK
E100350,L7885,DELIVERED,2025-12-18 22:55:00,Chennai,OK
E100036,L8990,OUT_FOR_DELIVERY,2025-12-19 00:22:00,UNKNOWN,BLURRY
E100206,L7089,DELIVERED,2025-12-19 01:35:00,Mumbai,OK
E100256,L8970,OUT_FOR_DELIVERY,2025-12-19 02:24:00,UNKNOWN,OK
E100431,L9124,DELIVERED,2025-12-19 04:36:00,Delhi,OK
E100333,L8582,DELIVERED,2025-12-19 05:06:00,Bengaluru,OK
E100424,L8247,DELIVERED,2025-12-19 05:38:00,Delhi,OK
E100084,L8304,IN_TRANSIT,2025-12-19 06:15:00,UNKNOWN,OK
E100194,L7175,OUT_FOR_DELIVERY,2025-12-19 06:28:00,UNKNOWN,OK
E100483,L9611,IN_TRANSIT,2025-12-19 09:52:00,UNKNOWN,OK
E100416,L9570,IN_TRANSIT,2025-12-19 11:06:00,UNKNOWN,OK
E100433,L8791,PICKED_UP,2025-12-19 11:46:00,Mumbai,BLURRY
E100495,L8150,DELIVERED,2025-12-19 12:33:00,Mumbai,OK
E100193,L8964,IN_TRANSIT,2025-12-19 18:46:00,UNKNOWN,OK
E100091,L8624,PICKED_UP,2025-12-19 20:04:00,Hyderabad,OK
E100430,L8700,IN_TRANSIT,2025-12-19 21:36:00,Chennai,OK
E100364,L9894,DELIVERED,2025-12-19 23:27:00,Delhi,MISSING
E100330,L8999,DELIVERED,2025-12-19 23:29:00,Bengaluru,OK
E100148,L7678,PICKED_UP,2025-12-19 23:40:00,Pune,OK
E100481,L9309,DELIVERY_FAILED,2025-12-20 00:38:00,UNKNOWN,OK
E100265,L9662,DELIVERED,2025-12-20 05:04:00,Jaipur,OK
E100446,L7563,PICKED_UP,2025-12-20 05:56:00,UNKNOWN,OK
E100440,L7873,DELIVERED,2025-12-20 06:34:00,Chennai,OK
E100440,L7873,DELIVERED,2025-12-20 06:34:00,Chennai,OK
E100131,L7382,IN_TRANSIT,2025-12-20 08:35:00,Hyderabad,OK
E100288,L7344,IN_TRANSIT,2025-12-20 12:31:00,Pune,OK
E100373,L8311,DELIVERED,2025-12-20 13:39:00,UNKNOWN,OK
E100269,L9603,IN_TRANSIT,2025-12-20 19:57:00,Hyderabad,OK
E100187,L7339,IN_TRANSIT,2025-12-20 20:06:00,Delhi,OK
E100410,L7989,IN_TRANSIT,2025-12-20 20:32:00,Jaipur,OK
E100464,L9280,DELIVERY_FAILED,2025-12-21 01:27:00,Chennai,BLURRY
E100278,L7969,PICKED_UP,2025-12-21 02:19:00,Delhi,OK
E100016,L8191,OUT_FOR_DELIVERY,2025-12-21 03:47:00,UNKNOWN,BLURRY
E100088,L8015,OUT_FOR_DELIVERY,2025-12-21 04:54:00,Kolkata,OK
E100136,L7488,IN_TRANSIT,2025-12-21 06:50:00,UNKNOWN,OK
E100136,L7488,IN_TRANSIT,2025-12-21 06:50:00,UNKNOWN,OK
E100201,L9598,IN_TRANSIT,2025-12-21 09:48:00,UNKNOWN,OK
E100362,L8787,DELIVERED,2025-12-21 10:43:00,Bengaluru,OK
E100335,L7467,DELIVERED,2025-12-21 11:22:00,Delhi,OK
E100123,L9258,IN_TRANSIT,2025-12-21 14:20:00,Bengaluru,OK
E100292,L9001,OUT_FOR_DELIVERY,2025-12-21 17:28:00,UNKNOWN,OK
E100134,L9856,IN_TRANSIT,2025-12-21 19:33:00,Ahmedabad,OK
E100422,L8281,IN_TRANSIT,2025-12-21 22:06:00,UNKNOWN,BLURRY
E100121,L7147,IN_TRANSIT,2025-12-22 01:52:00,Delhi,OK
E100069,L9799,OUT_FOR_DELIVERY,2025-12-22 02:43:00,UNKNOWN,OK
E100144,L7185,PICKED_UP,2025-12-22 05:17:00,Jaipur,OK
E100270,L8998,OUT_FOR_DELIVERY,2025-12-22 08:28:00,Hyderabad,OK
E100402,L8054,IN_TRANSIT,2025-12-22 09:53:00,Ahmedabad,OK
E100499,L7596,DELIVERED,2025-12-22 12:50:00,UNKNOWN,MISSING
E100093,L8723,PICKED_UP,2025-12-22 14:07:00,Hyderabad,OK
E100449,L7600,IN_TRANSIT,2025-12-22 15:30:00,Delhi,OK
E100397,L9831,DELIVERED,2025-12-22 16:00:00,Bengaluru,OK
E100249,L8354,OUT_FOR_DELIVERY,2025-12-22 16:42:00,UNKNOWN,OK
E100020,L9962,DELIVERY_FAILED,2025-12-22 16:46:00,Bengaluru,MISSING
E100081,L9512,IN_TRANSIT,2025-12-22 17:00:00,Pune,OK
E100118,L7288,OUT_FOR_DELIVERY,2025-12-22 19:10:00,Delhi,OK
E100407,L9538,IN_TRANSIT,2025-12-22 19:22:00,Mumbai,OK
E100003,L9921,IN_TRANSIT,2025-12-22 19:57:00,Chennai,OK
E100323,L8161,OUT_FOR_DELIVERY,2025-12-22 20:26:00,UNKNOWN,OK
E100032,L7959,OUT_FOR_DELIVERY,2025-12-22 23:48:00,Chennai,MISSING
E100142,L8288,DELIVERY_FAILED,2025-12-23 00:39:00,Delhi,BLURRY
E100038,L9730,DELIVERED,2025-12-23 00:42:00,UNKNOWN,OK
E100473,L8733,DELIVERED,2025-12-23 02:21:00,UNKNOWN,OK
E100280,L9142,IN_TRANSIT,2025-12-23 03:32:00,Lucknow,OK
E100259,L8409,DELIVERED,2025-12-23 05:05:00,UNKNOWN,OK
E100223,L7241,OUT_FOR_DELIVERY,2025-12-23 08:08:00,UNKNOWN,OK
E100000,L9191,PICKED_UP,2025-12-23 09:08:00,UNKNOWN,OK
E100454,L8309,IN_TRANSIT,2025-12-23 09:48:00,UNKNOWN,OK
E100124,L8083,DELIVERED,2025-12-23 12:47:00,UNKNOWN,BLURRY
E100401,L7216,DELIVERED,2025-12-23 13:21:00,Hyderabad,OK
E100450,L9830,IN_TRANSIT,2025-12-23 13:44:00,UNKNOWN,MISSING
E100435,L9841,OUT_FOR_DELIVERY,2025-12-23 15:50:00,UNKNOWN,OK
E100017,L8583,DELIVERY_FAILED,2025-12-23 19:21:00,Ahmedabad,OK
E100383,L9669,IN_TRANSIT,2025-12-23 19:44:00,UNKNOWN,OK
E100047,L8714,PICKED_UP,2025-12-23 21:22:00,Jaipur,OK
E100104,L7454,DELIVERED,2025-12-23 23:59:00,Chennai,OK
E100162,L7030,DELIVERY_FAILED,2025-12-24 01:24:00,Ahmedabad,OK
E100002,L7479,OUT_FOR_DELIVERY,2025-12-24 05:04:00,Kolkata,OK
E100106,L9381,OUT_FOR_DELIVERY,2025-12-24 06:38:00,UNKNOWN,OK
E100033,L7863,DELIVERY_FAILED,2025-12-24 09:21:00,Lucknow,OK
E100305,L7581,DELIVERED,2025-12-24 10:34:00,Ahmedabad,OK
E100386,L9065,IN_TRANSIT,2025-12-24 11:46:00,UNKNOWN,OK
E100222,L9011,PICKED_UP,2025-12-24 12:55:00,Lucknow,BLURRY
E100202,L8712,PICKED_UP,2025-12-24 13:23:00,Chennai,OK
E100320,L7537,OUT_FOR_DELIVERY,2025-12-24 14:50:00,Delhi,OK
E100356,L8884,OUT_FOR_DELIVERY,2025-12-24 20:29:00,UNKNOWN,OK
E100177,L9534,IN_TRANSIT,2025-12-24 20:59:00,Chennai,OK
E100063,L8234,PICKED_UP,2025-12-24 21:05:00,Pune,OK
E100018,L8352,OUT_FOR_DELIVERY,2025-12-24 23:10:00,Mumbai,OK
E100415,L7366,DELIVERED,2025-12-25 02:13:00,UNKNOWN,MISSING
E100394,L8397,PICKED_UP,2025-12-25 03:51:00,Kolkata,OK
E100234,L8868,IN_TRANSIT,2025-12-25 03:57:00,Lucknow,OK
E100234,L8868,IN_TRANSIT,2025-12-25 03:57:00,Lucknow,OK
E100014,L8235,DELIVERED,2025-12-25 05:37:00,UNKNOWN,OK
E100313,L8633,DELIVERY_FAILED,2025-12-25 07:32:00,Jaipur,OK
E100076,L8703,DELIVERED,2025-12-25 08:04:00,Kolkata,OK
E100185,L9315,DELIVERED,2025-12-25 08:31:00,Mumbai,MISSING
E100178,L8777,IN_TRANSIT,2025-12-25 09:30:00,Mumbai,OK
E100403,L7592,DELIVERED,2025-12-25 09:50:00,UNKNOWN,OK
E100479,L8338,PICKED_UP,2025-12-25 10:10:00,UNKNOWN,OK
E100325,L8071,DELIVERED,2025-12-25 10:28:00,Jaipur,OK
E100167,L9926,OUT_FOR_DELIVERY,2025-12-25 11:42:00,Mumbai,OK
E100116,L9242,PICKED_UP,2025-12-25 11:47:00,Mumbai,OK
E100476,L9911,IN_TRANSIT,2025-12-25 14:49:00,Chennai,OK
E100113,L7554,PICKED_UP,2025-12-25 17:40:00,Hyderabad,OK
E100231,L8334,IN_TRANSIT,2025-12-25 20:03:00,Mumbai,BLURRY
E100141,L9326,DELIVERED,2025-12-25 21:51:00,Bengaluru,BLURRY
E100297,L8629,OUT_FOR_DELIVERY,2025-12-25 22:37:00,Delhi,OK
E100351,L9604,PICKED_UP,2025-12-26 02:09:00,UNKNOWN,OK
E100497,L9105,DELIVERED,2025-12-26 07:03:00,Lucknow,OK
E100252,L8311,DELIVERED,2025-12-26 07:06:00,Pune,OK
E100487,L7789,DELIVERY_FAILED,2025-12-26 09:15:00,Mumbai,OK
E100361,L7617,DELIVERED,2025-12-26 12:04:00,Lucknow,OK
E100158,L7878,DELIVERED,2025-12-26 14:28:00,Kolkata,OK
E100340,L8337,PICKED_UP,2025-12-26 16:23:00,UNKNOWN,MISSING
E100077,L7682,DELIVERY_FAILED,2025-12-26 17:10:00,UNKNOWN,OK
E100419,L8599,IN_TRANSIT,2025-12-26 18:12:00,Kolkata,OK
E100419,L8599,IN_TRANSIT,2025-12-26 18:12:00,Kolkata,OK
E100300,L9479,OUT_FOR_DELIVERY,2025-12-26 18:19:00,Chennai,MISSING
E100145,L7272,IN_TRANSIT,2025-12-26 18:48:00,Mumbai,OK
E100463,L9930,IN_TRANSIT,2025-12-26 19:09:00,Chennai,OK
E100411,L7341,PICKED_UP,2025-12-26 19:33:00,Jaipur,BLURRY
E100260,L8559,OUT_FOR_DELIVERY,2025-12-26 20:36:00,Bengaluru,OK
E100085,L7343,OUT_FOR_DELIVERY,2025-12-26 20:37:00,Kolkata,OK
E100195,L8031,IN_TRANSIT,2025-12-26 21:04:00,Jaipur,OK
E100174,L9460,OUT_FOR_DELIVERY,2025-12-27 02:33:00,Ahmedabad,OK
E100418,L7741,OUT_FOR_DELIVERY,2025-12-27 04:20:00,Mumbai,BLURRY
E100381,L9559,IN_TRANSIT,2025-12-27 04:50:00,Ahmedabad,OK
E100192,L9505,PICKED_UP,2025-12-27 05:11:00,Bengaluru,OK
E100211,L7614,IN_TRANSIT,2025-12-27 05:26:00,UNKNOWN,OK
E100213,L7160,IN_TRANSIT,2025-12-27 18:15:00,UNKNOWN,OK
E100349,L8573,OUT_FOR_DELIVERY,2025-12-27 18:23:00,Hyderabad,OK
E100049,L8621,OUT_FOR_DELIVERY,2025-12-28 00:36:00,Ahmedabad,OK
E100237,L8326,DELIVERED,2025-12-28 01:13:00,Jaipur,OK
E100008,L9422,PICKED_UP,2025-12-28 02:19:00,Jaipur,OK
E100492,L7804,IN_TRANSIT,2025-12-28 03:15:00,Ahmedabad,BLURRY
E100334,L7860,IN_TRANSIT,2025-12-28 03:41:00,Ahmedabad,OK
E100245,L7123,OUT_FOR_DELIVERY,2025-12-28 03:56:00,UNKNOWN,OK
E100186,L8969,DELIVERY_FAILED,2025-12-28 05:07:00,Mumbai,OK
E100457,L9235,RETURN_INITIATED,2025-12-28 06:15:00,Delhi,OK
E100127,L8574,IN_TRANSIT,2025-12-28 06:41:00,Delhi,OK
E100150,L9740,DELIVERED,2025-12-28 06:54:00,Kolkata,OK
E100159,L7554,OUT_FOR_DELIVERY,2025-12-28 08:40:00,Lucknow,OK
E100025,L8619,IN_TRANSIT,2025-12-28 11:19:00,Kolkata,OK
E100255,L8428,IN_TRANSIT,2025-12-28 12:58:00,Jaipur,OK
E100176,L9436,DELIVERED,2025-12-28 14:11:00,Pune,OK
E100086,L8413,PICKED_UP,2025-12-28 14:29:00,Kolkata,BLURRY
E100135,L8915,IN_TRANSIT,2025-12-28 15:40:00,Hyderabad,OK
E100196,L9057,IN_TRANSIT,2025-12-28 17:12:00,Mumbai,OK
E100012,L8286,DELIVERED,2025-12-28 19:43:00,Kolkata,OK
E100272,L9550,DELIVERED,2025-12-28 20:26:00,Chennai,OK
E100484,L9081,PICKED_UP,2025-12-28 22:42:00,UNKNOWN,OK
E100486,L9351,DELIVERED,2025-12-29 00:10:00,UNKNOWN,OK
E100078,L9192,PICKED_UP,2025-12-29 00:39:00,UNKNOWN,OK
E100436,L8426,IN_TRANSIT,2025-12-29 00:48:00,Delhi,OK
E100061,L9970,IN_TRANSIT,2025-12-29 05:53:00,Bengaluru,OK
E100441,L7661,OUT_FOR_DELIVERY,2025-12-29 06:01:00,UNKNOWN,MISSING
E100376,L8460,IN_TRANSIT,2025-12-29 09:25:00,UNKNOWN,OK
E100209,L9667,IN_TRANSIT,2025-12-29 12:14:00,Kolkata,OK
E100311,L8056,OUT_FOR_DELIVERY,2025-12-29 12:55:00,Pune,OK
E100348,L8851,IN_TRANSIT,2025-12-29 13:59:00,UNKNOWN,OK
E100348,L8851,IN_TRANSIT,2025-12-29 13:59:00,UNKNOWN,OK
E100082,L8140,DELIVERED,2025-12-29 14:09:00,UNKNOWN,OK
E100019,L8504,DELIVERED,2025-12-29 15:43:00,Delhi,OK
E100408,L8803,DELIVERED,2025-12-29 18:22:00,Mumbai,OK
E100374,L9180,IN_TRANSIT,2025-12-30 07:17:00,UNKNOWN,OK
E100133,L9892,IN_TRANSIT,2025-12-30 08:49:00,UNKNOWN,OK
E100024,L9492,IN_TRANSIT,2025-12-30 10:17:00,Delhi,OK
E100089,L7233,DELIVERY_FAILED,2025-12-30 11:37:00,Bengaluru,OK
E100189,L8173,PICKED_UP,2025-12-30 14:30:00,Delhi,MISSING
E100357,L7643,IN_TRANSIT,2025-12-30 15:30:00,Chennai,OK
E100357,L7643,IN_TRANSIT,2025-12-30 15:30:00,Chennai,OK
E100399,L8647,OUT_FOR_DELIVERY,2025-12-30 15:47:00,Delhi,OK
E100137,L7672,OUT_FOR_DELIVERY,2025-12-30 17:16:00,Lucknow,MISSING
E100125,L7338,DELIVERED,2025-12-30 17:59:00,UNKNOWN,OK
E100009,L8772,RETURN_INITIATED,2025-12-30 20:22:00,Ahmedabad,MISSING
E100097,L8132,IN_TRANSIT,2025-12-31 00:49:00,Lucknow,BLURRY
E100491,L8083,IN_TRANSIT,2025-12-31 01:39:00,Kolkata,OK
E100226,L8940,IN_TRANSIT,2025-12-31 01:58:00,UNKNOWN,OK
E100345,L8249,OUT_FOR_DELIVERY,2025-12-31 03:21:00,UNKNOWN,MISSING
E100428,L7837,DELIVERY_FAILED,2025-12-31 07:50:00,Kolkata,OK
E100271,L9564,DELIVERY_FAILED,2025-12-31 08:28:00,Ahmedabad,OK
E100332,L9448,DELIVERED,2025-12-31 11:25:00,Delhi,BLURRY
E100013,L9447,RETURN_INITIATED,2025-12-31 12:09:00,UNKNOWN,OK
E100368,L9988,IN_TRANSIT,2025-12-31 15:46:00,UNKNOWN,OK
E100059,L7436,IN_TRANSIT,2025-12-31 16:06:00,UNKNOWN,OK
E100160,L7552,OUT_FOR_DELIVERY,2025-12-31 20:33:00,Hyderabad,OK
E100107,L9022,OUT_FOR_DELIVERY,2026-01-01 00:52:00,UNKNOWN,OK
E100057,L8923,IN_TRANSIT,2026-01-01 02:19:00,Lucknow,OK
E100057,L8923,IN_TRANSIT,2026-01-01 02:19:00,Lucknow,OK
E100199,L8880,PICKED_UP,2026-01-01 02:32:00,UNKNOWN,OK
E100471,L8434,PICKED_UP,2026-01-01 04:30:00,Pune,OK
E100062,L8281,DELIVERY_FAILED,2026-01-01 05:39:00,Jaipur,BLURRY
E100321,L7413,OUT_FOR_DELIVERY,2026-01-01 06:59:00,Jaipur,OK
E100140,L7421,DELIVERED,2026-01-01 07:12:00,Ahmedabad,OK
E100377,L8020,PICKED_UP,2026-01-01 08:09:00,Kolkata,OK
E100417,L9015,PICKED_UP,2026-01-01 11:40:00,Pune,OK
E100258,L8120,OUT_FOR_DELIVERY,2026-01-01 14:21:00,UNKNOWN,OK
E100379,L9707,DELIVERY_FAILED,2026-01-01 19:53:00,Ahmedabad,OK
E100273,L9846,PICKED_UP,2026-01-01 20:27:00,UNKNOWN,OK
E100434,L8194,IN_TRANSIT,2026-01-01 21:20:00,Pune,OK
E100048,L8337,IN_TRANSIT,2026-01-01 22:32:00,Kolkata,MISSING
E100279,L9832,OUT_FOR_DELIVERY,2026-01-01 23:00:00,Mumbai,OK
E100319,L9225,IN_TRANSIT,2026-01-02 05:51:00,Chennai,OK
E100165,L7019,IN_TRANSIT,2026-01-02 07:55:00,UNKNOWN,OK
E100023,L9977,OUT_FOR_DELIVERY,2026-01-02 08:05:00,Jaipur,OK
E100244,L8845,OUT_FOR_DELIVERY,2026-01-02 08:25:00,UNKNOWN,OK
E100205,L9081,DELIVERED,2026-01-02 10:54:00,UNKNOWN,OK
E100072,L7419,DELIVERED,2026-01-02 10:58:00,Mumbai,BLURRY
E100022,L9454,OUT_FOR_DELIVERY,2026-01-02 10:59:00,UNKNOWN,OK
E100182,L9887,DELIVERED,2026-01-02 12:33:00,UNKNOWN,OK
E100027,L8240,RETURN_INITIATED,2026-01-02 14:03:00,Kolkata,OK
E100070,L9851,PICKED_UP,2026-01-02 19:05:00,Bengaluru,OK
E100070,L9851,PICKED_UP,2026-01-02 19:05:00,Bengaluru,OK
E100207,L7470,IN_TRANSIT,2026-01-02 21:10:00,UNKNOWN,OK
E100295,L8551,IN_TRANSIT,2026-01-02 21:22:00,UNKNOWN,BLURRY
E100030,L9757,DELIVERED,2026-01-02 21:55:00,Delhi,BLURRY
E100409,L9688,PICKED_UP,2026-01-02 22:17:00,Ahmedabad,OK
E100166,L9317,IN_TRANSIT,2026-01-03 07:24:00,Kolkata,OK
E100215,L8312,IN_TRANSIT,2026-01-03 08:41:00,Mumbai,OK
E100393,L7672,OUT_FOR_DELIVERY,2026-01-03 09:24:00,Delhi,MISSING
E100247,L9554,DELIVERED,2026-01-03 11:09:00,Lucknow,OK
E100247,L9554,DELIVERED,2026-01-03 11:09:00,Lucknow,OK
E100460,L9887,IN_TRANSIT,2026-01-03 12:22:00,UNKNOWN,OK
E100074,L8904,IN_TRANSIT,2026-01-03 12:36:00,Jaipur,OK
E100262,L8256,IN_TRANSIT,2026-01-03 12:52:00,UNKNOWN,OK
E100371,L7091,DELIVERED,2026-01-03 16:52:00,Lucknow,OK
E100385,L9004,PICKED_UP,2026-01-03 20:58:00,Chennai,OK
E100232,L9947,OUT_FOR_DELIVERY,2026-01-03 22:34:00,Chennai,OK
E100337,L9088,IN_TRANSIT,2026-01-04 03:48:00,Bengaluru,OK
E100426,L9133,IN_TRANSIT,2026-01-04 03:56:00,Ahmedabad,OK
E100459,L9488,IN_TRANSIT,2026-01-04 05:06:00,UNKNOWN,MISSING
E100151,L8257,DELIVERED,2026-01-04 05:12:00,UNKNOWN,OK
E100485,L7444,IN_TRANSIT,2026-01-04 05:19:00,Chennai,OK
E100276,L9726,DELIVERED,2026-01-04 05:23:00,UNKNOWN,OK
E100055,L9723,OUT_FOR_DELIVERY,2026-01-04 05:45:00,UNKNOWN,OK
E100266,L8785,PICKED_UP,2026-01-04 07:21:00,Chennai,OK
E100092,L7070,PICKED_UP,2026-01-04 08:01:00,UNKNOWN,OK
E100285,L8235,PICKED_UP,2026-01-04 09:32:00,UNKNOWN,OK
E100301,L7030,IN_TRANSIT,2026-01-04 10:25:00,UNKNOWN,OK
E100452,L9465,IN_TRANSIT,2026-01-04 13:35:00,Mumbai,OK
E100122,L7678,DELIVERED,2026-01-04 17:36:00,Hyderabad,OK
E100336,L8702,IN_TRANSIT,2026-01-04 19:09:00,Ahmedabad,BLURRY
E100336,L8702,IN_TRANSIT,2026-01-04 19:09:00,Ahmedabad,BLURRY
E100227,L9125,PICKED_UP,2026-01-04 20:41:00,UNKNOWN,OK
E100308,L7232,IN_TRANSIT,2026-01-04 21:18:00,UNKNOWN,OK
E100053,L7392,DELIVERED,2026-01-04 21:57:00,Delhi,OK
